Nom,URL,Siren,Code postal,Ville
SCI ELFAMI,https://www.manageo.fr/entreprises/434380424.html,https://www.manageo.fr434380424,95410,GROSLAY
SCI DU BELEM,https://www.manageo.fr/entreprises/441548351.html,https://www.manageo.fr441548351,95620,PARMAIN
ASL 2 DE L'OSERAIE,https://www.manageo.fr/entreprises/440999894.html,https://www.manageo.fr440999894,95520,OSNY
L.F.N.,https://www.manageo.fr/entreprises/440966901.html,https://www.manageo.fr440966901,95670,MARLY LA VILLE
GFA LEONCE DESCHAMPS,https://www.manageo.fr/entreprises/440088649.html,https://www.manageo.fr440088649,95410,GROSLAY
LE GOFF HUGUETTE,https://www.manageo.fr/entreprises/447756560.html,https://www.manageo.fr447756560,95170,DEUIL LA BARRE
ASS FONCI URBAINE LIB ROISSY VILL ACCOR,https://www.manageo.fr/entreprises/444330880.html,https://www.manageo.fr444330880,95700,ROISSY EN FRANCE
LAGIER PATRIMOINE,https://www.manageo.fr/entreprises/444407720.html,https://www.manageo.fr444407720,95350,PISCOP
ARNOLD PATRIMOINE,https://www.manageo.fr/entreprises/450731823.html,https://www.manageo.fr450731823,95400,ARNOUVILLE
SCI DE LA NOURRIE,https://www.manageo.fr/entreprises/450664487.html,https://www.manageo.fr450664487,95190,GOUSSAINVILLE
SFI,https://www.manageo.fr/entreprises/477898274.html,https://www.manageo.fr477898274,95140,GARGES LES GONESSE
PIANO,https://www.manageo.fr/entreprises/453646374.html,https://www.manageo.fr453646374,95420,WY DIT JOLI VILLAGE
AD SERVICES 95,https://www.manageo.fr/entreprises/409594710.html,https://www.manageo.fr409594710,95100,ARGENTEUIL
CARREFOUR DES ASL DE CERGY,https://www.manageo.fr/entreprises/418129755.html,https://www.manageo.fr418129755,95800,CERGY
A. D TREZEL,https://www.manageo.fr/entreprises/444253975.html,https://www.manageo.fr444253975,95450,SERAINCOURT
CHAPLAIN IMMO,https://www.manageo.fr/entreprises/445055734.html,https://www.manageo.fr445055734,95220,HERBLAY
SCI NEIVA,https://www.manageo.fr/entreprises/478876055.html,https://www.manageo.fr478876055,95100,ARGENTEUIL
LES VILLAS MARAINVAL,https://www.manageo.fr/entreprises/479116121.html,https://www.manageo.fr479116121,95350,SAINT BRICE SOUS FORET
FONTENOY IMMOBILIER PONTOISE,https://www.manageo.fr/entreprises/479372880.html,https://www.manageo.fr479372880,95300,PONTOISE
BOUSCARAT PATRIMOINE,https://www.manageo.fr/entreprises/451302889.html,https://www.manageo.fr451302889,95250,BEAUCHAMP
JERSEV,https://www.manageo.fr/entreprises/451398408.html,https://www.manageo.fr451398408,95320,SAINT LEU LA FORET
KEANU PATRIMOINE,https://www.manageo.fr/entreprises/450006028.html,https://www.manageo.fr450006028,95680,MONTLIGNON
CAMADIA,https://www.manageo.fr/entreprises/449945559.html,https://www.manageo.fr449945559,95800,CERGY
AYMA,https://www.manageo.fr/entreprises/450382817.html,https://www.manageo.fr450382817,95130,FRANCONVILLE
ENGHIEN IMMOBILIER,https://www.manageo.fr/entreprises/401879176.html,https://www.manageo.fr401879176,95880,ENGHIEN LES BAINS
JBM IMMOBILIER,https://www.manageo.fr/entreprises/403290570.html,https://www.manageo.fr403290570,95270,LUZARCHES
SCI NGUYEN-TRAN,https://www.manageo.fr/entreprises/379371172.html,https://www.manageo.fr379371172,95490,VAUREAL
SCI DE LA CAMPAGNE,https://www.manageo.fr/entreprises/379302540.html,https://www.manageo.fr379302540,95590,NERVILLE LA FORET
GESTION DU GRAND VAL,https://www.manageo.fr/entreprises/378945554.html,https://www.manageo.fr378945554,95290,L'ISLE ADAM
CHAMBERAUD,https://www.manageo.fr/entreprises/378691562.html,https://www.manageo.fr378691562,95290,L'ISLE ADAM
SCI-89 91 P.V.C.,https://www.manageo.fr/entreprises/381618107.html,https://www.manageo.fr381618107,95190,GOUSSAINVILLE
SCI L'EGLANTIERE,https://www.manageo.fr/entreprises/381321579.html,https://www.manageo.fr381321579,95290,L'ISLE ADAM
W.F.,https://www.manageo.fr/entreprises/381702851.html,https://www.manageo.fr381702851,95420,MAGNY EN VEXIN
CASIMMO,https://www.manageo.fr/entreprises/381475326.html,https://www.manageo.fr381475326,95610,ERAGNY SUR OISE
SCI AQUABIS,https://www.manageo.fr/entreprises/381475730.html,https://www.manageo.fr381475730,95100,ARGENTEUIL
SCI QUINTETTE,https://www.manageo.fr/entreprises/381475920.html,https://www.manageo.fr381475920,95150,TAVERNY
SCI DU 4 ROUTE DE SAINT GRATIEN,https://www.manageo.fr/entreprises/381475086.html,https://www.manageo.fr381475086,95600,EAUBONNE
SCI B.L.S.,https://www.manageo.fr/entreprises/381476910.html,https://www.manageo.fr381476910,95170,DEUIL LA BARRE
11EME AVENUE,https://www.manageo.fr/entreprises/380931386.html,https://www.manageo.fr380931386,95150,TAVERNY
SCI VALMA,https://www.manageo.fr/entreprises/380231829.html,https://www.manageo.fr380231829,95640,MARINES
SCI DE LA VALLEE,https://www.manageo.fr/entreprises/380516047.html,https://www.manageo.fr380516047,95390,SAINT PRIX
SCI ATHENA,https://www.manageo.fr/entreprises/380231274.html,https://www.manageo.fr380231274,95640,MARINES
JDM AVENIR,https://www.manageo.fr/entreprises/381062751.html,https://www.manageo.fr381062751,95590,PRESLES
ASSOCIATION SYNDICALE LIBRE LA ROSERAIE,https://www.manageo.fr/entreprises/381619451.html,https://www.manageo.fr381619451,95120,ERMONT
SCI DU 1 TER RUE JEAN MISSOUT,https://www.manageo.fr/entreprises/378120760.html,https://www.manageo.fr378120760,95360,MONTMAGNY
SCI RUE DE L EGLISE,https://www.manageo.fr/entreprises/378170161.html,https://www.manageo.fr378170161,95190,FONTENAY EN PARISIS
SCI SOPHIA,https://www.manageo.fr/entreprises/378170302.html,https://www.manageo.fr378170302,95100,ARGENTEUIL
SCIMOV,https://www.manageo.fr/entreprises/353590607.html,https://www.manageo.fr353590607,95880,ENGHIEN LES BAINS
SCI STRIDA,https://www.manageo.fr/entreprises/378340780.html,https://www.manageo.fr378340780,95250,BEAUCHAMP
SCI ELO,https://www.manageo.fr/entreprises/378335327.html,https://www.manageo.fr378335327,95200,SARCELLES
SCI POINCARE,https://www.manageo.fr/entreprises/378336291.html,https://www.manageo.fr378336291,95200,SARCELLES
PHARES PATRIMOINE,https://www.manageo.fr/entreprises/380232082.html,https://www.manageo.fr380232082,95690,NESLES LA VALLEE
SCI DE LA CROIX DE MONTCEL,https://www.manageo.fr/entreprises/380665208.html,https://www.manageo.fr380665208,95430,AUVERS SUR OISE
SCI DE LA CHENAIE,https://www.manageo.fr/entreprises/380298851.html,https://www.manageo.fr380298851,95330,DOMONT
SCI RUE DE VERDUN,https://www.manageo.fr/entreprises/380665075.html,https://www.manageo.fr380665075,95190,GOUSSAINVILLE
SCI TOUT,https://www.manageo.fr/entreprises/380299487.html,https://www.manageo.fr380299487,95450,VIGNY
SCI DU 26 ET 28 RUE THEODORE BULLIER,https://www.manageo.fr/entreprises/379370836.html,https://www.manageo.fr379370836,95200,SARCELLES
SCI LES LAURIERS,https://www.manageo.fr/entreprises/380516260.html,https://www.manageo.fr380516260,95220,HERBLAY
SCI CLELIA,https://www.manageo.fr/entreprises/380516542.html,https://www.manageo.fr380516542,95190,GOUSSAINVILLE
SCI DE LA HALTE,https://www.manageo.fr/entreprises/353885197.html,https://www.manageo.fr353885197,95120,ERMONT
SCI DE LA GARE D'HERBLAY,https://www.manageo.fr/entreprises/353904147.html,https://www.manageo.fr353904147,95220,HERBLAY
SCI LE VAL MOUTIER,https://www.manageo.fr/entreprises/353933054.html,https://www.manageo.fr353933054,95170,DEUIL LA BARRE
SOCIETE CIVILE QUATRE K,https://www.manageo.fr/entreprises/381969682.html,https://www.manageo.fr381969682,95410,GROSLAY
SCI MAZ,https://www.manageo.fr/entreprises/381971811.html,https://www.manageo.fr381971811,95210,SAINT GRATIEN
SCI LES AIRELLES,https://www.manageo.fr/entreprises/351417746.html,https://www.manageo.fr351417746,95880,ENGHIEN LES BAINS
SCI ALPHA,https://www.manageo.fr/entreprises/351982384.html,https://www.manageo.fr351982384,95120,ERMONT
SCI DU QUAI DE SEINE,https://www.manageo.fr/entreprises/352051221.html,https://www.manageo.fr352051221,95530,LA FRETTE SUR SEINE
SCI ORTHO,https://www.manageo.fr/entreprises/352406227.html,https://www.manageo.fr352406227,95000,CERGY
C.B.I.,https://www.manageo.fr/entreprises/352412183.html,https://www.manageo.fr352412183,95360,MONTMAGNY
SOUDRY FRERES,https://www.manageo.fr/entreprises/351229638.html,https://www.manageo.fr351229638,95400,VILLIERS LE BEL
SCI LE PARC DES CHATAIGNIERS,https://www.manageo.fr/entreprises/351028154.html,https://www.manageo.fr351028154,95250,BEAUCHAMP
SCI DES LIEVRES D'ENGHIEN,https://www.manageo.fr/entreprises/351086111.html,https://www.manageo.fr351086111,95330,DOMONT
AL.CO.MAU,https://www.manageo.fr/entreprises/351415310.html,https://www.manageo.fr351415310,95100,ARGENTEUIL
SCI PEGEMEL,https://www.manageo.fr/entreprises/351175088.html,https://www.manageo.fr351175088,95420,MAGNY EN VEXIN
SCI DES 217 ET 219 RUE DE PARIS,https://www.manageo.fr/entreprises/351417654.html,https://www.manageo.fr351417654,95760,VALMONDOIS
SCI LES PYLONES,https://www.manageo.fr/entreprises/351475223.html,https://www.manageo.fr351475223,95300,PONTOISE
SCI RIVAILLON,https://www.manageo.fr/entreprises/351148788.html,https://www.manageo.fr351148788,95590,PRESLES
SCI P.G.,https://www.manageo.fr/entreprises/350042594.html,https://www.manageo.fr350042594,95100,ARGENTEUIL
SCI 1 AVENUE DES CHARMETTES,https://www.manageo.fr/entreprises/350042792.html,https://www.manageo.fr350042792,95400,VILLIERS LE BEL
CABINET MICHEL BEAUVAIS SARL,https://www.manageo.fr/entreprises/348909482.html,https://www.manageo.fr348909482,95210,SAINT GRATIEN
S.C.A.,https://www.manageo.fr/entreprises/348738642.html,https://www.manageo.fr348738642,95350,PISCOP
